Date,HomeTeam,AwayTeam,FTHG,FTAG,FTR,HTHG,HTAG,HTR,HS,AS,HST,AST,HF,AF,HC,AC,HY,AY,HR,AR
2005-08-27,Fiorentina,Sampdoria,2,1,H,2,0,H,15.0,9.0,9.0,4.0,18.0,23.0,9.0,3.0,1,4,0,0
2005-08-27,Livorno,Lecce,2,1,H,1,1,D,17.0,6.0,7.0,5.0,27.0,21.0,9.0,2.0,2,3,0,0
2005-08-28,Ascoli,Milan,1,1,D,0,0,D,8.0,16.0,3.0,9.0,22.0,16.0,0.0,5.0,2,1,0,0
2005-08-28,Inter,Treviso,3,0,H,1,0,H,16.0,7.0,9.0,3.0,13.0,20.0,6.0,1.0,1,3,0,0
2005-08-28,Juventus,Chievo,1,0,H,1,0,H,16.0,2.0,7.0,0.0,16.0,12.0,6.0,2.0,1,2,0,0
2005-08-28,Lazio,Messina,1,0,H,1,0,H,7.0,16.0,4.0,7.0,18.0,20.0,6.0,10.0,3,1,0,0
2005-08-28,Parma,Palermo,1,1,D,0,1,A,8.0,14.0,3.0,9.0,18.0,9.0,3.0,8.0,3,0,0,0
2005-08-28,Reggina,Roma,0,3,A,0,1,A,5.0,13.0,3.0,9.0,19.0,18.0,2.0,4.0,0,0,1,0
2005-08-28,Siena,Cagliari,2,1,H,1,1,D,10.0,9.0,6.0,6.0,21.0,19.0,4.0,4.0,2,2,1,0
2005-08-28,Udinese,Empoli,1,0,H,1,0,H,12.0,8.0,8.0,4.0,20.0,12.0,6.0,5.0,2,1,0,0
2005-09-10,Milan,Siena,3,1,H,2,1,H,21.0,7.0,11.0,3.0,7.0,16.0,3.0,4.0,1,2,0,0
2005-09-10,Palermo,Inter,3,2,H,1,0,H,24.0,15.0,13.0,6.0,15.0,14.0,9.0,6.0,2,1,0,0
2005-09-11,Cagliari,Lazio,1,1,D,1,1,D,9.0,6.0,3.0,3.0,12.0,16.0,6.0,6.0,2,2,1,0
2005-09-11,Chievo,Parma,1,0,H,1,0,H,12.0,5.0,8.0,2.0,16.0,15.0,9.0,2.0,1,1,0,0
2005-09-11,Empoli,Juventus,0,4,A,0,3,A,9.0,13.0,1.0,8.0,16.0,23.0,3.0,6.0,1,0,0,0
2005-09-11,Lecce,Ascoli,0,0,D,0,0,D,9.0,6.0,6.0,4.0,18.0,9.0,9.0,2.0,2,3,0,1
2005-09-11,Messina,Fiorentina,2,2,D,0,2,A,8.0,12.0,4.0,7.0,19.0,20.0,7.0,7.0,3,3,0,0
2005-09-11,Roma,Udinese,0,1,A,0,1,A,13.0,10.0,4.0,5.0,15.0,20.0,7.0,4.0,0,4,0,0
2005-09-11,Sampdoria,Reggina,3,2,H,1,1,D,16.0,11.0,7.0,7.0,22.0,24.0,5.0,5.0,1,3,0,1
2005-09-11,Treviso,Livorno,0,1,A,0,0,D,4.0,7.0,2.0,4.0,14.0,19.0,3.0,6.0,3,2,0,0
2005-09-17,Inter,Lecce,3,0,H,2,0,H,12.0,7.0,8.0,5.0,16.0,19.0,5.0,3.0,1,1,0,0
2005-09-17,Parma,Empoli,1,0,H,1,0,H,27.0,16.0,12.0,3.0,22.0,19.0,10.0,7.0,1,0,0,0
2005-09-18,Cagliari,Messina,1,1,D,1,1,D,16.0,8.0,8.0,5.0,20.0,25.0,8.0,4.0,1,4,0,0
2005-09-18,Fiorentina,Udinese,4,2,H,2,1,H,11.0,14.0,6.0,9.0,24.0,21.0,4.0,3.0,0,3,0,0
2005-09-18,Juventus,Ascoli,2,1,H,2,1,H,17.0,12.0,7.0,5.0,18.0,16.0,8.0,6.0,2,2,0,0
2005-09-18,Lazio,Treviso,3,1,H,2,1,H,13.0,5.0,6.0,1.0,23.0,23.0,7.0,1.0,0,0,0,1
2005-09-18,Livorno,Roma,0,0,D,0,0,D,6.0,8.0,4.0,5.0,17.0,13.0,5.0,3.0,2,2,0,0
2005-09-18,Reggina,Chievo,1,3,A,1,1,D,16.0,8.0,8.0,5.0,11.0,12.0,5.0,3.0,3,2,0,1
2005-09-18,Sampdoria,Milan,2,1,H,1,1,D,7.0,12.0,4.0,5.0,20.0,16.0,4.0,7.0,3,1,0,0
2005-09-18,Siena,Palermo,1,2,A,1,1,D,10.0,14.0,3.0,10.0,13.0,15.0,4.0,6.0,3,2,0,0
2005-09-21,Ascoli,Siena,1,1,D,0,1,A,7.0,8.0,2.0,4.0,28.0,19.0,3.0,3.0,1,2,0,0
2005-09-21,Chievo,Inter,0,1,A,0,0,D,6.0,17.0,2.0,10.0,22.0,18.0,1.0,7.0,2,2,0,0
2005-09-21,Empoli,Cagliari,3,1,H,0,1,A,8.0,9.0,4.0,5.0,22.0,16.0,8.0,5.0,3,2,0,0
2005-09-21,Lecce,Fiorentina,1,3,A,1,0,H,10.0,14.0,4.0,9.0,18.0,16.0,2.0,6.0,3,1,1,0
2005-09-21,Messina,Livorno,0,0,D,0,0,D,10.0,5.0,7.0,3.0,16.0,13.0,7.0,1.0,1,0,0,0
2005-09-21,Milan,Lazio,2,0,H,2,0,H,12.0,8.0,7.0,3.0,17.0,14.0,5.0,2.0,0,1,0,0
2005-09-21,Palermo,Reggina,1,0,H,0,0,D,16.0,8.0,10.0,3.0,17.0,19.0,10.0,5.0,2,4,0,0
2005-09-21,Roma,Parma,4,1,H,3,1,H,18.0,8.0,12.0,2.0,17.0,14.0,7.0,6.0,2,3,0,0
2005-09-21,Treviso,Sampdoria,0,2,A,0,1,A,11.0,9.0,4.0,6.0,15.0,12.0,3.0,5.0,3,0,0,0
2005-09-21,Udinese,Juventus,0,1,A,0,1,A,6.0,7.0,3.0,3.0,24.0,18.0,3.0,1.0,3,1,0,0
2005-09-24,Parma,Juventus,1,2,A,1,1,D,5.0,8.0,3.0,6.0,27.0,27.0,2.0,5.0,3,3,0,0
2005-09-24,Reggina,Udinese,2,0,H,1,0,H,6.0,7.0,4.0,3.0,20.0,26.0,4.0,7.0,4,3,0,1
2005-09-25,Cagliari,Roma,0,0,D,0,0,D,8.0,12.0,3.0,5.0,12.0,17.0,2.0,3.0,2,2,0,0
2005-09-25,Empoli,Lecce,1,0,H,0,0,D,5.0,12.0,2.0,2.0,21.0,24.0,3.0,5.0,1,4,0,0
2005-09-25,Inter,Fiorentina,1,0,H,1,0,H,17.0,4.0,7.0,2.0,26.0,20.0,6.0,3.0,2,3,0,0
2005-09-25,Lazio,Palermo,4,2,H,0,1,A,8.0,10.0,5.0,4.0,23.0,21.0,8.0,7.0,2,3,0,0
2005-09-25,Livorno,Ascoli,2,0,H,0,0,D,9.0,5.0,2.0,2.0,10.0,15.0,4.0,3.0,0,2,0,1
2005-09-25,Sampdoria,Chievo,1,2,A,0,1,A,8.0,10.0,5.0,6.0,18.0,26.0,6.0,7.0,2,4,0,0
2005-09-25,Siena,Messina,4,2,H,3,1,H,12.0,6.0,5.0,3.0,17.0,16.0,6.0,2.0,1,2,0,0
2005-09-25,Treviso,Milan,0,2,A,0,1,A,6.0,12.0,2.0,6.0,22.0,13.0,4.0,2.0,3,0,0,0
2005-10-01,Chievo,Treviso,0,0,D,0,0,D,11.0,7.0,0.0,3.0,24.0,22.0,6.0,4.0,3,2,0,0
2005-10-01,Udinese,Lazio,3,0,H,0,0,D,19.0,6.0,10.0,1.0,18.0,25.0,10.0,1.0,2,3,0,0
2005-10-02,Ascoli,Parma,3,1,H,2,1,H,10.0,10.0,6.0,4.0,23.0,22.0,5.0,5.0,3,5,0,1
2005-10-02,Fiorentina,Livorno,3,2,H,2,0,H,11.0,9.0,5.0,5.0,19.0,21.0,2.0,7.0,2,2,0,1
2005-10-02,Juventus,Inter,2,0,H,2,0,H,8.0,11.0,5.0,6.0,29.0,22.0,1.0,9.0,2,3,0,0
2005-10-02,Lecce,Cagliari,3,0,H,2,0,H,11.0,17.0,8.0,7.0,24.0,16.0,4.0,8.0,0,3,0,0
2005-10-02,Messina,Sampdoria,1,4,A,0,1,A,18.0,12.0,10.0,7.0,15.0,18.0,5.0,0.0,4,3,0,0
2005-10-02,Milan,Reggina,2,1,H,2,0,H,17.0,8.0,7.0,1.0,13.0,10.0,7.0,1.0,1,0,0,0
2005-10-02,Palermo,Empoli,2,2,D,1,2,A,21.0,5.0,10.0,4.0,13.0,11.0,11.0,0.0,0,2,0,0
2005-10-02,Roma,Siena,2,3,A,0,1,A,15.0,5.0,9.0,4.0,19.0,17.0,14.0,5.0,2,3,0,1
2005-10-15,Juventus,Messina,1,0,H,1,0,H,14.0,8.0,10.0,4.0,24.0,26.0,6.0,1.0,2,4,0,0
2005-10-15,Siena,Udinese,2,3,A,0,2,A,11.0,13.0,6.0,8.0,16.0,19.0,3.0,6.0,2,4,0,1
2005-10-16,Ascoli,Sampdoria,2,1,H,1,0,H,13.0,13.0,9.0,7.0,17.0,19.0,4.0,9.0,2,1,0,0
2005-10-16,Cagliari,Milan,0,2,A,0,2,A,10.0,9.0,5.0,4.0,15.0,16.0,6.0,3.0,1,1,0,0
2005-10-16,Empoli,Roma,1,0,H,0,0,D,7.0,8.0,4.0,4.0,12.0,17.0,4.0,11.0,0,3,1,0
2005-10-16,Inter,Livorno,5,0,H,2,0,H,15.0,5.0,11.0,1.0,20.0,16.0,4.0,2.0,1,0,0,1
2005-10-16,Lazio,Fiorentina,1,0,H,0,0,D,10.0,12.0,9.0,4.0,15.0,21.0,8.0,7.0,1,3,0,0
2005-10-16,Palermo,Chievo,2,2,D,1,2,A,9.0,7.0,6.0,5.0,26.0,20.0,4.0,3.0,3,3,1,0
2005-10-16,Parma,Treviso,1,1,D,1,0,H,5.0,13.0,2.0,4.0,16.0,37.0,1.0,7.0,3,5,0,0
2005-10-16,Reggina,Lecce,2,0,H,1,0,H,12.0,9.0,8.0,4.0,12.0,25.0,4.0,3.0,2,4,0,1
2005-10-22,Fiorentina,Parma,4,1,H,3,0,H,11.0,9.0,6.0,4.0,12.0,17.0,6.0,5.0,1,2,0,0
2005-10-22,Messina,Ascoli,1,1,D,1,0,H,10.0,6.0,3.0,2.0,16.0,12.0,3.0,4.0,3,1,1,1
2005-10-23,Chievo,Cagliari,2,1,H,0,0,D,12.0,5.0,5.0,2.0,24.0,29.0,10.0,1.0,1,3,0,0
2005-10-23,Lecce,Juventus,0,3,A,0,1,A,5.0,17.0,2.0,9.0,30.0,27.0,9.0,5.0,1,0,0,0
2005-10-23,Livorno,Reggina,1,0,H,0,0,D,15.0,7.0,6.0,1.0,21.0,20.0,10.0,7.0,2,2,1,1
2005-10-23,Milan,Palermo,2,1,H,1,1,D,16.0,8.0,11.0,4.0,19.0,18.0,6.0,6.0,1,3,0,0
2005-10-23,Roma,Lazio,1,1,D,1,0,H,14.0,6.0,4.0,2.0,28.0,21.0,3.0,3.0,3,2,0,0
2005-10-23,Sampdoria,Siena,3,3,D,1,0,H,11.0,15.0,8.0,8.0,20.0,23.0,5.0,2.0,2,5,1,0
2005-10-23,Treviso,Empoli,1,2,A,0,1,A,17.0,10.0,6.0,4.0,19.0,17.0,10.0,3.0,1,2,0,0
2005-10-23,Udinese,Inter,0,1,A,0,1,A,9.0,17.0,4.0,10.0,20.0,20.0,1.0,8.0,2,3,0,0
2005-10-26,Ascoli,Udinese,1,1,D,1,0,H,7.0,8.0,4.0,4.0,17.0,19.0,3.0,9.0,1,0,0,0
2005-10-26,Cagliari,Livorno,1,1,D,0,0,D,14.0,5.0,5.0,3.0,16.0,25.0,8.0,2.0,2,3,0,0
2005-10-26,Empoli,Milan,1,3,A,1,1,D,8.0,16.0,4.0,8.0,13.0,13.0,5.0,10.0,0,1,0,0
2005-10-26,Inter,Roma,2,3,A,0,2,A,15.0,9.0,9.0,5.0,16.0,20.0,9.0,2.0,2,3,1,1
2005-10-26,Juventus,Sampdoria,2,0,H,1,0,H,14.0,12.0,9.0,4.0,24.0,25.0,3.0,7.0,0,2,0,0
2005-10-26,Lazio,Chievo,2,2,D,1,0,H,,,,,,,,,1,3,0,0
2005-10-26,Palermo,Lecce,3,0,H,1,0,H,10.0,12.0,4.0,5.0,13.0,16.0,2.0,7.0,3,3,1,0
2005-10-26,Parma,Messina,1,1,D,1,0,H,11.0,14.0,5.0,8.0,15.0,22.0,4.0,3.0,1,4,0,0
2005-10-26,Reggina,Treviso,1,2,A,0,1,A,10.0,5.0,5.0,3.0,14.0,20.0,8.0,3.0,1,3,0,0
2005-10-26,Siena,Fiorentina,0,2,A,0,1,A,13.0,8.0,7.0,4.0,12.0,21.0,8.0,2.0,5,1,0,0
2005-10-29,Milan,Juventus,3,1,H,3,0,H,7.0,4.0,4.0,3.0,26.0,26.0,6.0,2.0,2,3,0,0
2005-10-29,Sampdoria,Inter,2,2,D,2,2,D,11.0,12.0,8.0,7.0,13.0,20.0,4.0,8.0,1,2,0,0
2005-10-30,Chievo,Empoli,2,2,D,1,1,D,14.0,7.0,6.0,4.0,13.0,21.0,6.0,2.0,2,1,0,0
2005-10-30,Fiorentina,Cagliari,2,1,H,0,1,A,7.0,11.0,4.0,6.0,22.0,14.0,4.0,5.0,3,3,0,2
2005-10-30,Lecce,Messina,0,2,A,0,0,D,14.0,10.0,6.0,5.0,22.0,25.0,5.0,3.0,2,4,0,0
2005-10-30,Livorno,Parma,2,0,H,2,0,H,7.0,8.0,3.0,5.0,15.0,13.0,3.0,5.0,1,1,0,0
2005-10-30,Reggina,Lazio,1,0,H,0,0,D,12.0,5.0,5.0,2.0,23.0,20.0,3.0,4.0,2,4,0,0
2005-10-30,Roma,Ascoli,2,1,H,1,0,H,13.0,9.0,8.0,5.0,19.0,15.0,9.0,2.0,1,3,1,0
2005-10-30,Treviso,Siena,0,1,A,0,1,A,7.0,10.0,3.0,4.0,23.0,18.0,3.0,7.0,2,1,0,0
2005-10-30,Udinese,Palermo,0,0,D,0,0,D,10.0,9.0,2.0,3.0,31.0,28.0,6.0,6.0,2,2,0,0
2005-11-05,Empoli,Reggina,3,0,H,1,0,H,12.0,11.0,8.0,4.0,23.0,17.0,3.0,7.0,1,1,0,0
2005-11-05,Lazio,Inter,0,0,D,0,0,D,7.0,9.0,3.0,3.0,16.0,18.0,3.0,8.0,2,3,0,0
2005-11-06,Ascoli,Fiorentina,0,2,A,0,1,A,5.0,11.0,3.0,5.0,17.0,13.0,6.0,3.0,2,1,0,0
2005-11-06,Cagliari,Treviso,0,0,D,0,0,D,14.0,7.0,7.0,2.0,19.0,23.0,6.0,1.0,2,4,0,0
2005-11-06,Juventus,Livorno,3,0,H,0,0,D,18.0,7.0,7.0,3.0,21.0,19.0,8.0,5.0,3,2,0,1
2005-11-06,Messina,Roma,0,2,A,0,1,A,11.0,9.0,7.0,5.0,24.0,11.0,7.0,3.0,4,2,0,0
2005-11-06,Milan,Udinese,5,1,H,3,0,H,7.0,4.0,4.0,3.0,26.0,26.0,6.0,2.0,2,3,0,0
2005-11-06,Palermo,Sampdoria,0,2,A,0,1,A,15.0,8.0,7.0,3.0,18.0,19.0,6.0,4.0,2,4,0,0
2005-11-06,Parma,Lecce,2,0,H,1,0,H,5.0,10.0,3.0,4.0,20.0,20.0,6.0,3.0,1,3,0,0
2005-11-06,Siena,Chievo,0,1,A,0,1,A,13.0,8.0,5.0,5.0,28.0,18.0,10.0,1.0,3,3,0,1
2005-11-19,Roma,Juventus,1,4,A,0,1,A,9.0,9.0,3.0,6.0,31.0,21.0,3.0,6.0,3,3,0,1
2005-11-19,Udinese,Messina,1,0,H,0,0,D,18.0,5.0,11.0,3.0,20.0,21.0,10.0,0.0,3,3,0,0
2005-11-20,Chievo,Ascoli,1,1,D,1,1,D,11.0,10.0,6.0,4.0,18.0,21.0,10.0,6.0,0,3,0,0
2005-11-20,Fiorentina,Milan,3,1,H,1,1,D,6.0,16.0,3.0,5.0,21.0,18.0,2.0,10.0,1,2,0,0
2005-11-20,Inter,Parma,2,0,H,0,0,D,15.0,6.0,9.0,3.0,16.0,18.0,8.0,3.0,2,3,0,0
2005-11-20,Lecce,Siena,3,0,H,1,0,H,18.0,8.0,12.0,5.0,20.0,19.0,10.0,3.0,2,4,0,0
2005-11-20,Livorno,Empoli,2,0,H,1,0,H,14.0,5.0,5.0,2.0,16.0,29.0,4.0,3.0,3,1,0,0
2005-11-20,Reggina,Cagliari,3,1,H,2,0,H,11.0,4.0,7.0,1.0,26.0,27.0,2.0,5.0,2,3,1,1
2005-11-20,Sampdoria,Lazio,2,0,H,0,0,D,11.0,6.0,8.0,1.0,27.0,18.0,9.0,4.0,3,2,0,0
2005-11-20,Treviso,Palermo,2,2,D,2,1,H,8.0,11.0,4.0,6.0,20.0,18.0,4.0,3.0,1,0,0,0
2005-11-26,Livorno,Chievo,0,0,D,0,0,D,14.0,5.0,2.0,2.0,22.0,30.0,8.0,3.0,2,3,0,0
2005-11-26,Milan,Lecce,2,1,H,1,0,H,18.0,10.0,6.0,3.0,14.0,22.0,3.0,0.0,1,3,0,0
2005-11-27,Ascoli,Palermo,1,1,D,0,1,A,5.0,5.0,3.0,2.0,18.0,20.0,0.0,6.0,2,3,0,0
2005-11-27,Cagliari,Sampdoria,2,0,H,1,0,H,6.0,9.0,3.0,1.0,23.0,12.0,2.0,7.0,3,3,0,0
2005-11-27,Empoli,Lazio,2,3,A,0,1,A,12.0,12.0,8.0,8.0,20.0,16.0,5.0,9.0,1,3,1,0
2005-11-27,Juventus,Treviso,3,1,H,2,1,H,11.0,4.0,6.0,3.0,14.0,24.0,3.0,3.0,0,0,0,0
2005-11-27,Messina,Inter,1,2,A,0,1,A,12.0,14.0,6.0,5.0,20.0,12.0,5.0,8.0,2,1,0,0
2005-11-27,Parma,Udinese,1,2,A,0,1,A,7.0,9.0,2.0,5.0,24.0,23.0,3.0,2.0,2,1,0,0
2005-11-27,Roma,Fiorentina,1,1,D,1,0,H,9.0,8.0,5.0,3.0,22.0,24.0,6.0,4.0,3,1,1,0
2005-11-27,Siena,Reggina,0,0,D,0,0,D,1.0,7.0,0.0,2.0,18.0,19.0,1.0,3.0,3,2,1,0
2005-12-03,Chievo,Milan,2,1,H,1,1,D,10.0,13.0,5.0,4.0,19.0,19.0,3.0,3.0,2,3,0,0
2005-12-03,Inter,Ascoli,1,0,H,1,0,H,15.0,9.0,8.0,3.0,18.0,15.0,8.0,2.0,1,0,0,0
2005-12-04,Fiorentina,Juventus,1,2,A,1,1,D,,,,,,,,,0,3,0,0
2005-12-04,Lazio,Siena,3,2,H,1,0,H,,,,,,,,,0,0,0,0
2005-12-04,Lecce,Roma,2,2,D,0,2,A,,,,,,,,,2,3,0,0
2005-12-04,Palermo,Cagliari,2,2,D,2,0,H,,,,,,,,,5,3,0,0
2005-12-04,Reggina,Parma,2,1,H,2,1,H,,,,,,,,,2,3,0,1
2005-12-04,Sampdoria,Empoli,2,0,H,0,0,D,,,,,,,,,1,1,0,0
2005-12-04,Treviso,Messina,0,0,D,0,0,D,,,,,,,,,2,3,0,1
2005-12-04,Udinese,Livorno,0,2,A,0,1,A,,,,,,,,,2,3,0,0
2005-12-10,Fiorentina,Treviso,1,0,H,0,0,D,,,,,33.0,34.0,2.0,3.0,1,4,0,0
2005-12-10,Siena,Empoli,1,0,H,1,0,H,,,,,24.0,20.0,3.0,6.0,4,3,0,0
2005-12-11,Ascoli,Reggina,1,1,D,0,0,D,9.0,5.0,5.0,3.0,23.0,20.0,3.0,6.0,4,2,0,1
2005-12-11,Inter,Milan,3,2,H,1,1,D,16.0,7.0,5.0,3.0,20.0,19.0,5.0,3.0,2,3,0,0
2005-12-11,Juventus,Cagliari,4,0,H,2,0,H,15.0,8.0,9.0,3.0,22.0,10.0,7.0,3.0,0,3,0,0
2005-12-11,Livorno,Lazio,2,1,H,0,0,D,9.0,13.0,5.0,7.0,23.0,15.0,2.0,7.0,1,0,0,0
2005-12-11,Messina,Chievo,2,0,H,2,0,H,,,,,,,,,1,1,0,1
2005-12-11,Parma,Sampdoria,1,1,D,1,0,H,9.0,7.0,4.0,4.0,27.0,25.0,3.0,7.0,4,4,0,0
2005-12-11,Roma,Palermo,1,2,A,1,1,D,6.0,6.0,3.0,2.0,10.0,16.0,2.0,8.0,1,3,0,0
2005-12-11,Udinese,Lecce,1,2,A,0,1,A,8.0,8.0,2.0,5.0,20.0,21.0,8.0,4.0,2,3,0,0
2005-12-17,Lazio,Juventus,1,1,D,1,1,D,,,,,20.0,30.0,3.0,7.0,2,3,0,0
2005-12-17,Treviso,Lecce,2,1,H,1,0,H,,,,,20.0,26.0,2.0,3.0,4,4,0,1
2005-12-18,Cagliari,Ascoli,2,1,H,2,0,H,4.0,12.0,3.0,6.0,22.0,23.0,4.0,7.0,2,4,0,0
2005-12-18,Chievo,Udinese,2,0,H,1,0,H,10.0,9.0,4.0,3.0,25.0,16.0,7.0,3.0,2,3,0,1
2005-12-18,Empoli,Fiorentina,1,1,D,0,0,D,6.0,19.0,2.0,6.0,19.0,20.0,2.0,7.0,3,1,0,0
2005-12-18,Milan,Messina,4,0,H,1,0,H,17.0,10.0,8.0,4.0,12.0,16.0,11.0,5.0,1,0,0,0
2005-12-18,Palermo,Livorno,0,2,A,0,0,D,9.0,10.0,4.0,5.0,12.0,21.0,8.0,1.0,2,2,1,0
2005-12-18,Reggina,Inter,0,4,A,0,3,A,10.0,20.0,5.0,10.0,10.0,19.0,6.0,7.0,2,3,0,0
2005-12-18,Sampdoria,Roma,1,1,D,0,1,A,9.0,11.0,4.0,6.0,20.0,21.0,3.0,4.0,3,2,0,0
2005-12-18,Siena,Parma,2,2,D,0,0,D,8.0,3.0,4.0,2.0,16.0,19.0,5.0,2.0,3,1,0,0
2005-12-21,Ascoli,Treviso,1,0,H,1,0,H,7.0,5.0,3.0,1.0,19.0,14.0,6.0,3.0,3,2,1,1
2005-12-21,Fiorentina,Palermo,1,0,H,1,0,H,10.0,10.0,3.0,6.0,20.0,24.0,1.0,7.0,2,1,0,0
2005-12-21,Inter,Empoli,4,1,H,2,0,H,17.0,6.0,9.0,4.0,18.0,17.0,9.0,2.0,0,1,0,0
2005-12-21,Juventus,Siena,2,0,H,1,0,H,10.0,6.0,6.0,5.0,31.0,28.0,8.0,2.0,2,1,0,0
2005-12-21,Lecce,Lazio,0,0,D,0,0,D,11.0,4.0,2.0,2.0,22.0,15.0,5.0,5.0,2,3,1,0
2005-12-21,Livorno,Milan,0,3,A,0,1,A,6.0,17.0,2.0,11.0,11.0,18.0,5.0,5.0,1,0,0,0
2005-12-21,Messina,Reggina,1,1,D,1,0,H,6.0,13.0,1.0,5.0,21.0,22.0,1.0,5.0,5,1,0,1
2005-12-21,Parma,Cagliari,1,0,H,1,0,H,5.0,7.0,4.0,1.0,21.0,19.0,3.0,8.0,3,3,0,0
2005-12-21,Roma,Chievo,4,0,H,2,0,H,12.0,7.0,6.0,3.0,21.0,11.0,1.0,8.0,1,2,0,1
2005-12-21,Udinese,Sampdoria,2,0,H,0,0,D,19.0,8.0,7.0,5.0,21.0,19.0,5.0,5.0,2,2,0,0
2006-01-07,Palermo,Juventus,1,2,A,1,2,A,12.0,13.0,6.0,6.0,20.0,25.0,7.0,6.0,2,2,0,0
2006-01-07,Reggina,Fiorentina,1,1,D,1,1,D,6.0,6.0,3.0,3.0,26.0,28.0,4.0,4.0,2,3,0,0
2006-01-08,Cagliari,Udinese,2,1,H,1,1,D,5.0,6.0,4.0,2.0,16.0,18.0,3.0,1.0,3,3,0,2
2006-01-08,Chievo,Lecce,3,1,H,1,1,D,16.0,15.0,11.0,7.0,19.0,22.0,4.0,10.0,1,4,0,0
2006-01-08,Empoli,Messina,1,3,A,1,1,D,8.0,9.0,3.0,5.0,17.0,24.0,1.0,2.0,2,4,1,0
2006-01-08,Lazio,Ascoli,4,1,H,2,1,H,13.0,11.0,8.0,5.0,17.0,15.0,5.0,3.0,1,1,0,0
2006-01-08,Milan,Parma,4,3,H,3,1,H,20.0,9.0,9.0,6.0,15.0,21.0,5.0,3.0,1,2,0,0
2006-01-08,Sampdoria,Livorno,0,2,A,0,1,A,9.0,6.0,6.0,3.0,19.0,20.0,4.0,7.0,1,1,1,0
2006-01-08,Siena,Inter,0,0,D,0,0,D,6.0,13.0,0.0,4.0,37.0,15.0,5.0,5.0,2,2,0,0
2006-01-08,Treviso,Roma,0,1,A,0,1,A,10.0,12.0,3.0,4.0,20.0,25.0,6.0,5.0,1,2,0,0
2006-01-14,Lecce,Sampdoria,0,3,A,0,2,A,12.0,17.0,5.0,9.0,16.0,19.0,6.0,5.0,2,2,0,0
2006-01-14,Messina,Palermo,0,0,D,0,0,D,4.0,6.0,1.0,2.0,15.0,12.0,6.0,3.0,1,1,0,0
2006-01-15,Ascoli,Empoli,3,1,H,1,1,D,12.0,9.0,7.0,4.0,19.0,20.0,7.0,3.0,2,5,0,1
2006-01-15,Fiorentina,Chievo,2,1,H,1,0,H,12.0,8.0,4.0,3.0,18.0,28.0,6.0,3.0,2,3,0,0
2006-01-15,Inter,Cagliari,3,2,H,2,1,H,11.0,7.0,5.0,4.0,14.0,23.0,5.0,2.0,2,4,0,0
2006-01-15,Juventus,Reggina,1,0,H,1,0,H,22.0,3.0,13.0,0.0,16.0,23.0,7.0,2.0,0,2,0,0
2006-01-15,Livorno,Siena,2,2,D,1,1,D,7.0,11.0,4.0,9.0,23.0,20.0,7.0,5.0,2,1,0,0
2006-01-15,Parma,Lazio,1,1,D,1,1,D,6.0,10.0,3.0,3.0,27.0,17.0,10.0,5.0,2,3,0,0
2006-01-15,Roma,Milan,1,0,H,0,0,D,12.0,9.0,6.0,3.0,17.0,14.0,5.0,10.0,1,2,0,0
2006-01-15,Udinese,Treviso,2,2,D,1,1,D,6.0,13.0,4.0,7.0,16.0,15.0,2.0,3.0,3,2,0,0
2006-01-18,Cagliari,Siena,1,0,H,0,0,D,13.0,11.0,5.0,4.0,20.0,22.0,9.0,4.0,1,3,0,0
2006-01-18,Chievo,Juventus,1,1,D,1,1,D,3.0,10.0,1.0,4.0,22.0,23.0,2.0,10.0,4,2,0,0
2006-01-18,Empoli,Udinese,1,1,D,0,0,D,17.0,6.0,10.0,3.0,23.0,23.0,3.0,5.0,1,2,0,0
2006-01-18,Lecce,Livorno,0,0,D,0,0,D,16.0,5.0,8.0,2.0,18.0,28.0,6.0,3.0,4,2,1,0
2006-01-18,Messina,Lazio,1,1,D,1,0,H,17.0,6.0,9.0,5.0,23.0,23.0,2.0,4.0,2,4,0,0
2006-01-18,Milan,Ascoli,1,0,H,1,0,H,11.0,5.0,5.0,2.0,17.0,14.0,9.0,4.0,1,2,0,0
2006-01-18,Palermo,Parma,4,2,H,1,2,A,15.0,10.0,9.0,7.0,18.0,19.0,6.0,2.0,4,3,0,0
2006-01-18,Roma,Reggina,3,1,H,1,0,H,13.0,10.0,7.0,4.0,29.0,13.0,8.0,4.0,2,4,0,0
2006-01-18,Sampdoria,Fiorentina,3,1,H,3,1,H,10.0,6.0,8.0,3.0,28.0,24.0,4.0,5.0,2,3,0,0
2006-01-18,Treviso,Inter,0,1,A,0,1,A,11.0,11.0,5.0,6.0,19.0,22.0,2.0,4.0,2,3,0,0
2006-01-21,Inter,Palermo,3,0,H,1,0,H,13.0,9.0,9.0,5.0,23.0,15.0,8.0,11.0,3,2,0,0
2006-01-21,Lazio,Cagliari,1,1,D,1,0,H,8.0,7.0,4.0,6.0,15.0,28.0,6.0,5.0,3,3,2,0
2006-01-22,Ascoli,Lecce,2,0,H,2,0,H,10.0,13.0,5.0,4.0,28.0,21.0,4.0,9.0,3,3,1,0
2006-01-22,Fiorentina,Messina,2,0,H,1,0,H,22.0,5.0,11.0,3.0,24.0,22.0,9.0,2.0,1,2,0,0
2006-01-22,Juventus,Empoli,2,1,H,1,1,D,14.0,0.0,6.0,0.0,24.0,17.0,14.0,0.0,1,2,0,0
2006-01-22,Livorno,Treviso,1,1,D,0,1,A,10.0,5.0,3.0,1.0,23.0,28.0,5.0,5.0,2,0,0,2
2006-01-22,Parma,Chievo,2,1,H,1,1,D,10.0,10.0,6.0,5.0,21.0,25.0,1.0,11.0,4,3,1,1
2006-01-22,Reggina,Sampdoria,2,1,H,2,1,H,8.0,7.0,5.0,2.0,21.0,20.0,8.0,5.0,1,2,0,0
2006-01-22,Siena,Milan,0,3,A,0,1,A,8.0,17.0,3.0,10.0,21.0,22.0,2.0,10.0,3,1,0,0
2006-01-22,Udinese,Roma,1,4,A,0,1,A,8.0,10.0,3.0,7.0,16.0,21.0,4.0,4.0,2,1,1,0
2006-01-28,Milan,Sampdoria,1,1,D,1,1,D,20.0,14.0,8.0,8.0,27.0,14.0,5.0,4.0,3,3,0,0
2006-01-28,Palermo,Siena,1,3,A,0,1,A,12.0,7.0,5.0,4.0,14.0,21.0,11.0,1.0,1,4,0,0
2006-01-29,Ascoli,Juventus,1,3,A,1,3,A,9.0,8.0,4.0,6.0,24.0,27.0,0.0,3.0,2,1,0,0
2006-01-29,Chievo,Reggina,4,0,H,0,0,D,13.0,8.0,7.0,5.0,19.0,20.0,4.0,5.0,0,4,0,0
2006-01-29,Empoli,Parma,1,2,A,0,1,A,14.0,5.0,8.0,4.0,24.0,24.0,5.0,2.0,2,3,0,0
2006-01-29,Lecce,Inter,0,2,A,0,0,D,7.0,13.0,3.0,6.0,25.0,18.0,1.0,6.0,2,3,1,0
2006-01-29,Messina,Cagliari,1,0,H,0,0,D,11.0,9.0,8.0,5.0,14.0,18.0,9.0,4.0,5,2,0,0
2006-01-29,Roma,Livorno,3,0,H,2,0,H,17.0,5.0,10.0,2.0,11.0,13.0,4.0,6.0,0,2,0,0
2006-01-29,Treviso,Lazio,0,1,A,0,0,D,11.0,4.0,7.0,2.0,30.0,23.0,10.0,5.0,1,3,0,0
2006-01-29,Udinese,Fiorentina,0,0,D,0,0,D,5.0,10.0,3.0,2.0,23.0,19.0,5.0,5.0,5,2,0,0
2006-02-04,Parma,Roma,0,3,A,0,0,D,7.0,19.0,4.0,10.0,29.0,14.0,5.0,7.0,5,2,0,0
2006-02-04,Siena,Ascoli,1,1,D,0,1,A,10.0,7.0,6.0,5.0,16.0,27.0,11.0,4.0,4,0,0,0
2006-02-05,Cagliari,Empoli,4,1,H,3,0,H,9.0,8.0,7.0,3.0,14.0,21.0,6.0,6.0,4,1,0,0
2006-02-05,Fiorentina,Lecce,1,0,H,1,0,H,14.0,6.0,9.0,1.0,25.0,24.0,3.0,3.0,1,3,0,0
2006-02-05,Inter,Chievo,1,0,H,1,0,H,21.0,0.0,11.0,0.0,16.0,24.0,6.0,5.0,2,1,0,0
2006-02-05,Juventus,Udinese,1,0,H,0,0,D,17.0,2.0,8.0,1.0,18.0,17.0,12.0,5.0,1,3,0,1
2006-02-05,Lazio,Milan,0,0,D,0,0,D,8.0,13.0,2.0,7.0,18.0,27.0,4.0,9.0,1,1,0,0
2006-02-05,Livorno,Messina,2,2,D,0,0,D,8.0,7.0,5.0,3.0,17.0,18.0,4.0,3.0,5,1,0,1
2006-02-05,Reggina,Palermo,2,2,D,1,1,D,5.0,8.0,2.0,4.0,1.0,2.0,2.0,7.0,2,4,0,0
2006-02-05,Sampdoria,Treviso,1,1,D,1,0,H,10.0,11.0,4.0,5.0,20.0,37.0,4.0,6.0,2,2,0,0
2006-02-08,Ascoli,Livorno,0,0,D,0,0,D,8.0,3.0,6.0,1.0,15.0,18.0,6.0,0.0,0,1,0,0
2006-02-08,Chievo,Sampdoria,1,1,D,0,1,A,13.0,8.0,6.0,5.0,25.0,18.0,5.0,7.0,1,4,0,1
2006-02-08,Fiorentina,Inter,2,1,H,1,0,H,9.0,10.0,5.0,4.0,22.0,20.0,4.0,7.0,2,2,0,0
2006-02-08,Juventus,Parma,1,1,D,1,1,D,12.0,5.0,5.0,2.0,48.0,20.0,10.0,0.0,0,2,0,0
2006-02-08,Lecce,Empoli,1,2,A,0,2,A,13.0,10.0,5.0,5.0,28.0,22.0,3.0,1.0,2,2,1,0
2006-02-08,Messina,Siena,0,0,D,0,0,D,10.0,5.0,6.0,2.0,15.0,20.0,0.0,7.0,0,0,0,0
2006-02-08,Milan,Treviso,5,0,H,1,0,H,15.0,3.0,11.0,2.0,13.0,15.0,6.0,2.0,0,2,0,0
2006-02-08,Palermo,Lazio,3,1,H,1,0,H,8.0,8.0,5.0,2.0,26.0,14.0,2.0,5.0,3,2,0,1
2006-02-08,Roma,Cagliari,4,3,H,2,2,D,19.0,6.0,12.0,5.0,24.0,21.0,7.0,1.0,2,3,1,1
2006-02-08,Udinese,Reggina,1,2,A,1,1,D,14.0,7.0,3.0,4.0,18.0,21.0,5.0,4.0,0,3,0,0
2006-02-11,Lazio,Udinese,1,1,D,1,1,D,9.0,8.0,3.0,4.0,20.0,28.0,4.0,4.0,1,2,0,0
2006-02-11,Treviso,Chievo,1,2,A,0,1,A,14.0,14.0,9.0,7.0,20.0,17.0,5.0,4.0,0,2,0,0
2006-02-12,Cagliari,Lecce,0,0,D,0,0,D,5.0,11.0,2.0,7.0,17.0,21.0,4.0,4.0,3,2,0,1
2006-02-12,Empoli,Palermo,0,1,A,0,0,D,7.0,8.0,3.0,3.0,25.0,26.0,4.0,3.0,3,2,0,1
2006-02-12,Inter,Juventus,1,2,A,0,0,D,12.0,7.0,7.0,4.0,27.0,27.0,10.0,4.0,2,3,0,0
2006-02-12,Livorno,Fiorentina,2,0,H,0,0,D,7.0,12.0,3.0,2.0,21.0,21.0,5.0,5.0,1,2,0,1
2006-02-12,Parma,Ascoli,0,0,D,0,0,D,5.0,10.0,2.0,7.0,25.0,35.0,2.0,3.0,2,4,0,0
2006-02-12,Reggina,Milan,1,4,A,1,2,A,8.0,13.0,4.0,7.0,12.0,22.0,7.0,2.0,2,3,0,0
2006-02-12,Sampdoria,Messina,4,2,H,1,1,D,23.0,18.0,11.0,8.0,27.0,30.0,6.0,4.0,3,2,0,1
2006-02-12,Siena,Roma,0,2,A,0,0,D,14.0,14.0,6.0,6.0,31.0,13.0,6.0,2.0,5,2,0,0
2006-02-18,Livorno,Inter,0,0,D,0,0,D,6.0,10.0,2.0,3.0,16.0,16.0,4.0,6.0,1,3,0,0
2006-02-18,Messina,Juventus,2,2,D,1,1,D,10.0,13.0,5.0,6.0,34.0,25.0,7.0,2.0,2,3,0,1
2006-02-18,Milan,Cagliari,1,0,H,1,0,H,10.0,2.0,5.0,0.0,20.0,18.0,11.0,6.0,0,3,0,0
2006-02-19,Chievo,Palermo,0,0,D,0,0,D,4.0,12.0,2.0,1.0,15.0,20.0,7.0,5.0,2,4,0,0
2006-02-19,Fiorentina,Lazio,1,2,A,0,1,A,18.0,6.0,7.0,3.0,18.0,27.0,5.0,2.0,1,1,0,0
2006-02-19,Lecce,Reggina,0,0,D,0,0,D,8.0,10.0,3.0,3.0,30.0,27.0,2.0,4.0,5,3,0,0
2006-02-19,Roma,Empoli,1,0,H,1,0,H,10.0,6.0,6.0,3.0,15.0,19.0,6.0,5.0,1,3,0,0
2006-02-19,Sampdoria,Ascoli,1,2,A,0,0,D,8.0,15.0,4.0,8.0,25.0,23.0,4.0,2.0,2,3,1,0
2006-02-19,Treviso,Parma,0,1,A,0,1,A,13.0,6.0,5.0,3.0,18.0,26.0,10.0,1.0,3,2,0,0
2006-02-19,Udinese,Siena,1,2,A,1,2,A,13.0,10.0,5.0,3.0,12.0,12.0,6.0,2.0,2,4,1,0
2006-02-25,Parma,Fiorentina,2,4,A,2,2,D,11.0,14.0,7.0,6.0,30.0,24.0,4.0,7.0,4,0,0,0
2006-02-25,Reggina,Livorno,1,1,D,0,0,D,12.0,7.0,7.0,5.0,22.0,17.0,9.0,7.0,4,3,0,0
2006-02-26,Ascoli,Messina,1,0,H,0,0,D,15.0,11.0,7.0,4.0,14.0,25.0,8.0,2.0,1,3,0,0
2006-02-26,Cagliari,Chievo,2,2,D,1,0,H,5.0,9.0,2.0,3.0,19.0,25.0,6.0,7.0,4,2,1,0
2006-02-26,Empoli,Treviso,1,1,D,0,0,D,7.0,6.0,4.0,3.0,20.0,26.0,4.0,1.0,3,4,0,1
2006-02-26,Inter,Udinese,3,1,H,1,0,H,15.0,10.0,7.0,4.0,20.0,19.0,4.0,1.0,0,2,1,1
2006-02-26,Juventus,Lecce,3,1,H,2,1,H,13.0,5.0,7.0,3.0,21.0,18.0,8.0,3.0,3,2,0,1
2006-02-26,Lazio,Roma,0,2,A,0,1,A,10.0,6.0,2.0,3.0,12.0,24.0,7.0,3.0,2,5,0,0
2006-02-26,Palermo,Milan,0,2,A,0,0,D,12.0,9.0,3.0,4.0,16.0,26.0,8.0,3.0,3,3,0,1
2006-02-26,Siena,Sampdoria,1,0,H,0,0,D,12.0,14.0,5.0,6.0,12.0,16.0,5.0,8.0,1,3,0,1
2006-03-04,Milan,Empoli,3,0,H,0,0,D,17.0,4.0,8.0,0.0,8.0,13.0,6.0,3.0,1,0,0,0
2006-03-04,Sampdoria,Juventus,0,1,A,0,0,D,4.0,11.0,2.0,4.0,26.0,18.0,10.0,5.0,2,0,0,0
2006-03-05,Chievo,Lazio,2,2,D,2,1,H,8.0,11.0,4.0,5.0,21.0,26.0,6.0,5.0,2,2,0,0
2006-03-05,Fiorentina,Siena,2,1,H,1,1,D,10.0,11.0,6.0,5.0,20.0,21.0,5.0,3.0,3,2,0,0
2006-03-05,Lecce,Palermo,2,0,H,0,0,D,11.0,6.0,5.0,3.0,18.0,17.0,2.0,7.0,2,2,0,0
2006-03-05,Livorno,Cagliari,0,1,A,0,0,D,10.0,5.0,4.0,3.0,20.0,15.0,10.0,1.0,1,4,0,0
2006-03-05,Messina,Parma,0,1,A,0,0,D,20.0,9.0,9.0,5.0,11.0,11.0,13.0,8.0,1,4,0,0
2006-03-05,Roma,Inter,1,1,D,1,0,H,9.0,11.0,3.0,5.0,23.0,21.0,2.0,10.0,2,2,0,0
2006-03-05,Treviso,Reggina,0,1,A,0,0,D,12.0,6.0,5.0,3.0,27.0,23.0,4.0,3.0,5,2,0,0
2006-03-05,Udinese,Ascoli,1,1,D,0,0,D,11.0,9.0,3.0,3.0,32.0,23.0,3.0,7.0,3,1,0,1
2006-03-11,Inter,Sampdoria,1,0,H,1,0,H,15.0,6.0,6.0,2.0,16.0,10.0,4.0,8.0,2,1,0,0
2006-03-11,Siena,Treviso,1,0,H,0,0,D,8.0,7.0,5.0,4.0,24.0,20.0,7.0,6.0,4,2,0,0
2006-03-12,Ascoli,Roma,3,2,H,3,0,H,12.0,18.0,8.0,8.0,20.0,18.0,4.0,10.0,3,1,0,1
2006-03-12,Empoli,Chievo,2,1,H,0,0,D,10.0,6.0,4.0,2.0,22.0,18.0,8.0,7.0,4,3,0,0
2006-03-12,Juventus,Milan,0,0,D,0,0,D,8.0,6.0,3.0,2.0,24.0,15.0,3.0,3.0,1,3,0,1
2006-03-12,Lazio,Reggina,3,1,H,2,0,H,10.0,4.0,6.0,3.0,23.0,23.0,7.0,2.0,3,4,0,0
2006-03-12,Messina,Lecce,2,1,H,1,1,D,15.0,6.0,7.0,3.0,20.0,24.0,8.0,3.0,5,3,0,0
2006-03-12,Palermo,Udinese,2,0,H,0,0,D,6.0,6.0,3.0,5.0,14.0,22.0,2.0,3.0,3,2,0,0
2006-03-12,Parma,Livorno,2,1,H,1,1,D,6.0,16.0,5.0,9.0,27.0,13.0,1.0,6.0,4,2,0,0
2006-03-18,Livorno,Juventus,1,3,A,0,1,A,5.0,7.0,3.0,3.0,26.0,25.0,2.0,4.0,2,1,0,0
2006-03-18,Treviso,Cagliari,1,2,A,1,1,D,8.0,7.0,3.0,4.0,27.0,21.0,0.0,5.0,3,3,0,1
2006-03-19,Chievo,Siena,4,1,H,1,1,D,13.0,7.0,8.0,4.0,14.0,20.0,6.0,5.0,2,3,0,2
2006-03-19,Fiorentina,Ascoli,3,1,H,0,1,A,16.0,7.0,9.0,3.0,16.0,21.0,6.0,2.0,1,3,0,1
2006-03-19,Inter,Lazio,3,1,H,1,0,H,21.0,8.0,10.0,6.0,18.0,8.0,14.0,6.0,2,1,0,0
2006-03-19,Lecce,Parma,1,2,A,0,0,D,16.0,11.0,10.0,5.0,15.0,22.0,8.0,3.0,2,4,0,0
2006-03-19,Reggina,Empoli,0,2,A,0,0,D,8.0,10.0,3.0,5.0,24.0,19.0,6.0,3.0,4,2,1,0
2006-03-19,Roma,Messina,2,1,H,1,0,H,17.0,7.0,7.0,6.0,14.0,29.0,11.0,4.0,1,3,0,1
2006-03-19,Sampdoria,Palermo,0,2,A,0,0,D,15.0,14.0,7.0,7.0,18.0,19.0,7.0,2.0,4,3,0,0
2006-03-19,Udinese,Milan,0,4,A,0,1,A,6.0,6.0,4.0,4.0,14.0,11.0,4.0,3.0,1,0,0,0
2006-03-22,Cagliari,Fiorentina,0,0,D,0,0,D,12.0,13.0,4.0,6.0,17.0,29.0,6.0,4.0,2,5,0,0
2006-03-26,Ascoli,Chievo,2,2,D,1,1,D,9.0,4.0,4.0,3.0,16.0,22.0,5.0,7.0,1,2,0,0
2006-03-26,Cagliari,Reggina,0,2,A,0,2,A,14.0,6.0,6.0,2.0,23.0,27.0,6.0,3.0,4,5,0,0
2006-03-26,Empoli,Livorno,2,1,H,1,0,H,16.0,8.0,6.0,3.0,18.0,24.0,0.0,4.0,1,2,0,0
2006-03-25,Juventus,Roma,1,1,D,1,0,H,5.0,9.0,3.0,4.0,19.0,20.0,2.0,6.0,1,3,1,0
2006-03-26,Lazio,Sampdoria,2,0,H,0,0,D,11.0,4.0,3.0,1.0,21.0,31.0,6.0,3.0,2,6,0,0
2006-03-26,Messina,Udinese,1,1,D,1,1,D,6.0,12.0,4.0,7.0,16.0,23.0,7.0,4.0,1,3,0,0
2006-03-25,Milan,Fiorentina,3,1,H,1,1,D,11.0,6.0,6.0,3.0,16.0,18.0,10.0,2.0,2,1,0,0
2006-03-26,Palermo,Treviso,1,0,H,0,0,D,8.0,8.0,5.0,3.0,16.0,19.0,4.0,6.0,1,1,0,0
2006-03-25,Parma,Inter,1,0,H,1,0,H,11.0,18.0,9.0,9.0,25.0,18.0,2.0,14.0,4,4,0,0
2006-03-26,Siena,Lecce,1,2,A,0,1,A,11.0,12.0,7.0,4.0,20.0,19.0,6.0,3.0,2,5,1,0
2006-04-01,Inter,Messina,3,0,H,3,0,H,13.0,4.0,7.0,0.0,12.0,15.0,6.0,1.0,0,1,0,0
2006-04-01,Lecce,Milan,1,0,H,0,0,D,12.0,8.0,6.0,5.0,17.0,18.0,6.0,3.0,2,1,0,0
2006-04-01,Treviso,Juventus,0,0,D,0,0,D,5.0,15.0,1.0,6.0,26.0,17.0,3.0,14.0,3,4,0,0
2006-04-02,Chievo,Livorno,2,1,H,1,1,D,6.0,6.0,4.0,4.0,20.0,26.0,5.0,1.0,1,2,1,0
2006-04-02,Fiorentina,Roma,1,1,D,1,0,H,8.0,17.0,5.0,7.0,16.0,24.0,4.0,7.0,3,4,0,0
2006-04-02,Lazio,Empoli,3,3,D,2,1,H,13.0,4.0,8.0,3.0,20.0,24.0,8.0,4.0,1,1,0,0
2006-04-02,Palermo,Ascoli,1,1,D,1,0,H,5.0,4.0,4.0,2.0,15.0,11.0,1.0,6.0,1,2,1,0
2006-04-02,Reggina,Siena,1,1,D,0,1,A,11.0,5.0,4.0,2.0,8.0,18.0,5.0,7.0,0,3,0,0
2006-04-02,Sampdoria,Cagliari,1,1,D,1,0,H,7.0,5.0,5.0,3.0,25.0,15.0,5.0,1.0,3,3,0,0
2006-04-02,Udinese,Parma,2,0,H,1,0,H,11.0,2.0,4.0,1.0,15.0,26.0,4.0,4.0,4,2,0,0
2006-04-08,Ascoli,Inter,1,2,A,1,0,H,8.0,14.0,3.0,8.0,18.0,18.0,1.0,3.0,3,1,0,1
2006-04-08,Livorno,Udinese,0,2,A,0,1,A,12.0,6.0,6.0,4.0,16.0,18.0,3.0,1.0,1,0,0,1
2006-04-09,Cagliari,Palermo,1,1,D,1,0,H,11.0,7.0,5.0,3.0,15.0,12.0,2.0,7.0,1,2,0,0
2006-04-09,Empoli,Sampdoria,2,1,H,1,0,H,5.0,12.0,4.0,4.0,22.0,22.0,2.0,5.0,0,1,0,0
2006-04-09,Juventus,Fiorentina,1,1,D,0,0,D,15.0,11.0,4.0,5.0,17.0,20.0,10.0,0.0,3,3,0,0
2006-04-09,Messina,Treviso,3,1,H,1,1,D,12.0,2.0,7.0,2.0,18.0,13.0,6.0,2.0,5,3,0,0
2006-04-09,Milan,Chievo,4,1,H,1,1,D,18.0,9.0,9.0,4.0,12.0,14.0,9.0,3.0,0,2,0,0
2006-04-09,Parma,Reggina,4,0,H,2,0,H,12.0,14.0,5.0,4.0,22.0,15.0,1.0,7.0,0,0,1,1
2006-04-09,Roma,Lecce,3,1,H,2,0,H,6.0,12.0,5.0,2.0,24.0,18.0,8.0,4.0,3,1,0,0
2006-04-09,Siena,Lazio,2,3,A,2,2,D,16.0,12.0,9.0,10.0,22.0,19.0,5.0,4.0,1,3,0,0
2006-04-14,Milan,Inter,1,0,H,0,0,D,8.0,11.0,4.0,5.0,24.0,18.0,3.0,4.0,4,4,0,0
2006-04-15,Cagliari,Juventus,1,1,D,1,0,H,2.0,16.0,1.0,5.0,31.0,30.0,1.0,9.0,4,2,2,0
2006-04-15,Chievo,Messina,2,0,H,1,0,H,9.0,10.0,3.0,2.0,19.0,25.0,3.0,8.0,3,4,1,0
2006-04-15,Empoli,Siena,2,1,H,2,0,H,10.0,14.0,4.0,9.0,15.0,19.0,4.0,5.0,2,2,0,0
2006-04-15,Lazio,Livorno,3,1,H,1,0,H,4.0,5.0,4.0,3.0,23.0,24.0,2.0,2.0,2,3,0,1
2006-04-15,Lecce,Udinese,1,2,A,1,1,D,15.0,10.0,6.0,4.0,19.0,18.0,4.0,6.0,1,4,0,0
2006-04-15,Palermo,Roma,3,3,D,0,3,A,15.0,10.0,7.0,6.0,21.0,19.0,4.0,1.0,3,3,0,0
2006-04-15,Reggina,Ascoli,2,0,H,2,0,H,5.0,7.0,4.0,0.0,19.0,14.0,7.0,9.0,3,1,1,0
2006-04-15,Sampdoria,Parma,1,2,A,1,0,H,10.0,12.0,3.0,5.0,18.0,22.0,3.0,2.0,0,1,0,0
2006-04-15,Treviso,Fiorentina,1,3,A,1,1,D,5.0,8.0,1.0,5.0,16.0,16.0,6.0,5.0,1,2,0,0
2006-04-22,Ascoli,Cagliari,2,2,D,1,0,H,23.0,5.0,7.0,3.0,18.0,14.0,8.0,2.0,4,2,1,2
2006-04-22,Fiorentina,Empoli,2,1,H,1,0,H,19.0,7.0,11.0,5.0,24.0,23.0,7.0,4.0,1,3,0,0
2006-04-22,Inter,Reggina,4,0,H,3,0,H,16.0,4.0,13.0,2.0,16.0,13.0,5.0,1.0,0,0,0,0
2006-04-22,Juventus,Lazio,1,1,D,0,1,A,24.0,4.0,9.0,3.0,20.0,13.0,15.0,3.0,2,3,0,1
2006-04-22,Lecce,Treviso,1,1,D,1,0,H,17.0,18.0,8.0,11.0,18.0,22.0,8.0,4.0,0,2,1,0
2006-04-22,Livorno,Palermo,3,1,H,2,0,H,13.0,13.0,8.0,6.0,23.0,13.0,3.0,4.0,3,2,0,0
2006-04-22,Messina,Milan,1,3,A,1,2,A,6.0,11.0,3.0,6.0,23.0,14.0,3.0,5.0,5,4,3,1
2006-04-22,Parma,Siena,1,1,D,0,1,A,8.0,7.0,3.0,1.0,16.0,20.0,4.0,3.0,1,1,0,0
2006-04-22,Roma,Sampdoria,0,0,D,0,0,D,11.0,5.0,4.0,3.0,15.0,20.0,3.0,5.0,2,6,1,0
2006-04-22,Udinese,Chievo,1,1,D,0,0,D,12.0,5.0,7.0,1.0,21.0,16.0,4.0,1.0,2,1,0,0
2006-04-30,Cagliari,Parma,3,1,H,2,0,H,10.0,8.0,5.0,3.0,6.0,21.0,1.0,5.0,0,1,0,0
2006-04-30,Chievo,Roma,4,4,D,2,3,A,8.0,15.0,7.0,10.0,25.0,17.0,3.0,9.0,1,3,0,0
2006-04-30,Empoli,Inter,1,0,H,0,0,D,8.0,12.0,1.0,3.0,16.0,17.0,2.0,7.0,1,1,0,0
2006-04-30,Lazio,Lecce,1,0,H,0,0,D,8.0,3.0,2.0,2.0,15.0,22.0,7.0,3.0,0,4,0,1
2006-04-30,Milan,Livorno,2,0,H,1,0,H,17.0,4.0,9.0,2.0,15.0,24.0,6.0,2.0,0,0,0,0
2006-04-30,Palermo,Fiorentina,1,0,H,0,0,D,7.0,10.0,4.0,2.0,23.0,20.0,2.0,7.0,2,4,0,0
2006-04-30,Reggina,Messina,3,0,H,0,0,D,12.0,9.0,8.0,5.0,12.0,23.0,2.0,3.0,3,3,0,1
2006-04-30,Sampdoria,Udinese,1,1,D,0,0,D,9.0,9.0,6.0,3.0,8.0,9.0,4.0,3.0,0,0,0,0
2006-04-30,Siena,Juventus,0,3,A,0,3,A,12.0,6.0,5.0,5.0,12.0,14.0,4.0,5.0,1,0,0,0
2006-04-30,Treviso,Ascoli,2,2,D,2,1,H,7.0,14.0,4.0,9.0,18.0,20.0,2.0,8.0,0,1,0,0
2006-05-07,Ascoli,Lazio,1,4,A,1,3,A,9.0,8.0,5.0,6.0,26.0,16.0,2.0,3.0,3,1,0,0
2006-05-07,Fiorentina,Reggina,5,2,H,3,0,H,16.0,9.0,9.0,5.0,8.0,18.0,4.0,2.0,1,2,0,0
2006-05-07,Inter,Siena,1,1,D,0,0,D,11.0,9.0,7.0,5.0,9.0,11.0,2.0,3.0,1,2,1,0
2006-05-07,Juventus,Palermo,2,1,H,1,0,H,10.0,6.0,6.0,4.0,30.0,4.0,5.0,3.0,3,1,0,0
2006-05-07,Lecce,Chievo,0,0,D,0,0,D,17.0,11.0,4.0,5.0,20.0,14.0,8.0,7.0,2,0,1,0
2006-05-07,Livorno,Sampdoria,0,0,D,0,0,D,8.0,3.0,3.0,1.0,16.0,23.0,4.0,4.0,1,0,0,0
2006-05-07,Messina,Empoli,1,2,A,0,1,A,12.0,4.0,4.0,3.0,10.0,5.0,4.0,4.0,4,0,1,0
2006-05-07,Parma,Milan,2,3,A,0,2,A,9.0,8.0,7.0,6.0,19.0,20.0,5.0,6.0,2,2,0,0
2006-05-07,Roma,Treviso,1,0,H,1,0,H,15.0,9.0,5.0,3.0,19.0,17.0,8.0,4.0,0,3,0,0
2006-05-07,Udinese,Cagliari,2,0,H,1,0,H,13.0,13.0,8.0,5.0,13.0,17.0,4.0,6.0,0,2,0,0
2006-05-14,Cagliari,Inter,2,2,D,2,2,D,8.0,12.0,2.0,3.0,12.0,14.0,2.0,3.0,0,3,0,0
2006-05-14,Chievo,Fiorentina,0,2,A,0,1,A,8.0,13.0,3.0,6.0,20.0,16.0,6.0,2.0,0,0,0,0
2006-05-14,Empoli,Ascoli,1,2,A,1,0,H,11.0,8.0,6.0,4.0,21.0,17.0,5.0,2.0,1,1,1,0
2006-05-14,Lazio,Parma,1,0,H,0,0,D,8.0,8.0,4.0,2.0,15.0,20.0,4.0,5.0,0,0,0,0
2006-05-14,Milan,Roma,2,1,H,1,1,D,12.0,8.0,5.0,4.0,16.0,19.0,6.0,5.0,1,2,0,1
2006-05-14,Palermo,Messina,1,0,H,1,0,H,9.0,9.0,3.0,3.0,15.0,17.0,3.0,4.0,0,0,0,0
2006-05-14,Reggina,Juventus,0,2,A,0,1,A,4.0,14.0,1.0,6.0,15.0,16.0,1.0,10.0,3,2,0,0
2006-05-14,Sampdoria,Lecce,1,3,A,0,1,A,16.0,15.0,6.0,8.0,27.0,13.0,7.0,5.0,2,0,0,0
2006-05-14,Siena,Livorno,0,0,D,0,0,D,10.0,8.0,5.0,1.0,18.0,17.0,2.0,5.0,0,0,0,0
2006-05-14,Treviso,Udinese,2,1,H,1,1,D,15.0,6.0,10.0,2.0,12.0,16.0,8.0,1.0,3,1,0,1
